title,content
Elections in India,The government announced new election dates for the upcoming state elections
Stock Market Update,Stock markets rallied today as technology shares gained strongly
Sports Championship,The national cricket team won the championship after a thrilling final
New Smartphone Launch,A leading tech company launched its latest smartphone with AI features
Health Advisory,Doctors warn people to take precautions during the seasonal flu outbreak
Climate Change Report,Scientists released a report highlighting rising global temperatures
Movie Release,Bollywood star released a new action movie this weekend
Startup Funding News,A fintech startup raised funding to expand its operations in Asia
Space Mission Success,The space agency successfully launched a satellite into orbit
Education Policy Update,The education ministry announced changes in the national curriculum
